{
    "total_runtime": 61.13654398918152,
    "num_documents": 1,
    "input_load_time": 0,
    "workflows": {
        "create_base_text_units": {
            "overall": 0.2555110454559326,
            "0_orderby": 0.0044977664947509766,
            "1_zip": 0.005300045013427734,
            "2_aggregate_override": 0.008264303207397461,
            "3_chunk": 0.18384790420532227,
            "4_select": 0.004467964172363281,
            "5_unroll": 0.0061299800872802734,
            "6_rename": 0.0045299530029296875,
            "7_genid": 0.005084991455078125,
            "8_unzip": 0.005869150161743164,
            "9_copy": 0.005284786224365234,
            "10_filter": 0.018217802047729492
        },
        "create_base_extracted_entities": {
            "overall": 27.239917039871216,
            "0_entity_extract": 27.218042850494385,
            "1_merge_graphs": 0.012733221054077148
        },
        "create_summarized_entities": {
            "overall": 3.7923240661621094,
            "0_summarize_descriptions": 3.783663034439087
        },
        "create_base_entity_graph": {
            "overall": 0.04843020439147949,
            "0_cluster_graph": 0.025990962982177734,
            "1_select": 0.01052999496459961
        },
        "create_final_entities": {
            "overall": 0.6365108489990234,
            "0_unpack_graph": 0.015408039093017578,
            "1_rename": 0.011483907699584961,
            "2_select": 0.011409759521484375,
            "3_dedupe": 0.010615110397338867,
            "4_rename": 0.010350942611694336,
            "5_filter": 0.02460312843322754,
            "6_text_split": 0.009792089462280273,
            "7_drop": 0.009772062301635742,
            "8_merge": 0.01594996452331543,
            "9_text_embed": 0.46208834648132324,
            "10_drop": 0.013682842254638672,
            "11_filter": 0.027354955673217773
        },
        "create_final_nodes": {
            "overall": 0.22878217697143555,
            "0_layout_graph": 0.027352094650268555,
            "1_unpack_graph": 0.017912864685058594,
            "2_unpack_graph": 0.01702094078063965,
            "3_filter": 0.030672788619995117,
            "4_drop": 0.012708902359008789,
            "5_select": 0.012011051177978516,
            "6_rename": 0.012890100479125977,
            "7_convert": 0.04585599899291992,
            "8_join": 0.018610000610351562,
            "9_rename": 0.013565778732299805
        },
        "create_final_communities": {
            "overall": 0.3496367931365967,
            "0_unpack_graph": 0.039137840270996094,
            "1_unpack_graph": 0.01958179473876953,
            "2_aggregate_override": 0.0186460018157959,
            "3_join": 0.020802974700927734,
            "4_join": 0.01979994773864746,
            "5_concat": 0.01641106605529785,
            "6_filter": 0.03590703010559082,
            "7_aggregate_override": 0.019517898559570312,
            "8_join": 0.02021312713623047,
            "9_filter": 0.0397799015045166,
            "10_fill": 0.0165560245513916,
            "11_merge": 0.022043943405151367,
            "12_copy": 0.01726222038269043,
            "13_select": 0.01916790008544922
        },
        "join_text_units_to_entity_ids": {
            "overall": 0.09955978393554688,
            "0_select": 0.024033069610595703,
            "1_unroll": 0.02349996566772461,
            "2_aggregate_override": 0.022047042846679688
        },
        "create_final_relationships": {
            "overall": 0.3157467842102051,
            "0_unpack_graph": 0.026224136352539062,
            "1_filter": 0.04804182052612305,
            "2_rename": 0.020754098892211914,
            "3_filter": 0.04497098922729492,
            "4_drop": 0.02066516876220703,
            "5_compute_edge_combined_degree": 0.02670598030090332,
            "6_convert": 0.07257699966430664,
            "7_convert": 0.024901151657104492
        },
        "join_text_units_to_relationship_ids": {
            "overall": 0.13783502578735352,
            "0_select": 0.027701139450073242,
            "1_unroll": 0.02701711654663086,
            "2_aggregate_override": 0.023269176483154297,
            "3_select": 0.025210857391357422
        },
        "create_final_community_reports": {
            "overall": 24.750802993774414,
            "0_prepare_community_reports_nodes": 0.029021263122558594,
            "1_prepare_community_reports_edges": 0.028025150299072266,
            "2_restore_community_hierarchy": 0.02509903907775879,
            "3_prepare_community_reports": 0.049510955810546875,
            "4_create_community_reports": 24.552613735198975,
            "5_window": 0.030933856964111328
        },
        "create_final_text_units": {
            "overall": 0.2149209976196289,
            "0_select": 0.030810117721557617,
            "1_rename": 0.028786897659301758,
            "2_join": 0.029143095016479492,
            "3_join": 0.031289100646972656,
            "4_aggregate_override": 0.02809286117553711,
            "5_select": 0.02760767936706543
        },
        "create_base_documents": {
            "overall": 0.3162100315093994,
            "0_unroll": 0.034197092056274414,
            "1_select": 0.03168511390686035,
            "2_rename": 0.02870774269104004,
            "3_join": 0.03443598747253418,
            "4_aggregate_override": 0.03098917007446289,
            "5_join": 0.03391385078430176,
            "6_rename": 0.028300046920776367,
            "7_convert": 0.05834388732910156
        },
        "create_final_documents": {
            "overall": 0.08043408393859863,
            "0_rename": 0.03487110137939453
        }
    }
}