{
    "total_runtime": 52.09924626350403,
    "num_documents": 1,
    "input_load_time": 0,
    "workflows": {
        "create_base_text_units": {
            "overall": 0.4147350788116455,
            "0_orderby": 0.013184070587158203,
            "1_zip": 0.007902145385742188,
            "2_aggregate_override": 0.01817488670349121,
            "3_chunk": 0.28293561935424805,
            "4_select": 0.00925898551940918,
            "5_unroll": 0.016936779022216797,
            "6_rename": 0.007349967956542969,
            "7_genid": 0.007791996002197266,
            "8_unzip": 0.008984088897705078,
            "9_copy": 0.008217096328735352,
            "10_filter": 0.029571056365966797
        },
        "create_base_extracted_entities": {
            "overall": 20.05814242362976,
            "0_entity_extract": 20.031369924545288,
            "1_merge_graphs": 0.01824212074279785
        },
        "create_summarized_entities": {
            "overall": 3.4229319095611572,
            "0_summarize_descriptions": 3.412086009979248
        },
        "create_base_entity_graph": {
            "overall": 0.05752110481262207,
            "0_cluster_graph": 0.03304314613342285,
            "1_select": 0.012512683868408203
        },
        "create_final_entities": {
            "overall": 0.7351398468017578,
            "0_unpack_graph": 0.015745878219604492,
            "1_rename": 0.01320195198059082,
            "2_select": 0.013572931289672852,
            "3_dedupe": 0.017600059509277344,
            "4_rename": 0.01548314094543457,
            "5_filter": 0.036408185958862305,
            "6_text_split": 0.015823841094970703,
            "7_drop": 0.016193866729736328,
            "8_merge": 0.023678064346313477,
            "9_text_embed": 0.49485206604003906,
            "10_drop": 0.01732921600341797,
            "11_filter": 0.04095792770385742
        },
        "create_final_nodes": {
            "overall": 0.34488987922668457,
            "0_layout_graph": 0.02754521369934082,
            "1_unpack_graph": 0.022797107696533203,
            "2_unpack_graph": 0.022217988967895508,
            "3_drop": 0.020351409912109375,
            "4_filter": 0.04554414749145508,
            "5_select": 0.02067875862121582,
            "6_rename": 0.021539688110351562,
            "7_join": 0.04104495048522949,
            "8_convert": 0.0810999870300293,
            "9_rename": 0.02304220199584961
        },
        "create_final_communities": {
            "overall": 0.5128891468048096,
            "0_unpack_graph": 0.026141881942749023,
            "1_unpack_graph": 0.025868892669677734,
            "2_aggregate_override": 0.037683963775634766,
            "3_join": 0.03528881072998047,
            "4_join": 0.03313875198364258,
            "5_concat": 0.026205062866210938,
            "6_filter": 0.06022000312805176,
            "7_aggregate_override": 0.03042888641357422,
            "8_join": 0.03444790840148926,
            "9_filter": 0.0608828067779541,
            "10_fill": 0.028528213500976562,
            "11_merge": 0.03016209602355957,
            "12_copy": 0.029161930084228516,
            "13_select": 0.029735088348388672
        },
        "join_text_units_to_entity_ids": {
            "overall": 0.1272130012512207,
            "0_select": 0.030302047729492188,
            "1_unroll": 0.03266406059265137,
            "2_aggregate_override": 0.033232927322387695
        },
        "create_final_relationships": {
            "overall": 0.42058706283569336,
            "0_unpack_graph": 0.03385806083679199,
            "1_filter": 0.06978583335876465,
            "2_rename": 0.033367156982421875,
            "3_filter": 0.07138919830322266,
            "4_drop": 0.03452897071838379,
            "5_compute_edge_combined_degree": 0.04073810577392578,
            "6_convert": 0.07047796249389648,
            "7_convert": 0.03487801551818848
        },
        "join_text_units_to_relationship_ids": {
            "overall": 0.1898810863494873,
            "0_select": 0.03646421432495117,
            "1_unroll": 0.03778195381164551,
            "2_aggregate_override": 0.04066014289855957,
            "3_select": 0.037943124771118164
        },
        "create_final_community_reports": {
            "overall": 21.388673067092896,
            "0_prepare_community_reports_nodes": 0.03926801681518555,
            "1_prepare_community_reports_edges": 0.04079723358154297,
            "2_restore_community_hierarchy": 0.04387927055358887,
            "3_prepare_community_reports": 0.07631897926330566,
            "4_create_community_reports": 21.1097469329834,
            "5_window": 0.04096794128417969
        },
        "create_final_text_units": {
            "overall": 0.3687167167663574,
            "0_select": 0.04234480857849121,
            "1_rename": 0.04166984558105469,
            "2_join": 0.055407047271728516,
            "3_join": 0.0513920783996582,
            "4_aggregate_override": 0.048768043518066406,
            "5_select": 0.08818888664245605
        },
        "create_base_documents": {
            "overall": 0.5834169387817383,
            "0_unroll": 0.04810500144958496,
            "1_select": 0.0474543571472168,
            "2_rename": 0.04634690284729004,
            "3_join": 0.05242323875427246,
            "4_aggregate_override": 0.04831695556640625,
            "5_join": 0.05726814270019531,
            "6_rename": 0.04802298545837402,
            "7_convert": 0.15160512924194336
        },
        "create_final_documents": {
            "overall": 0.1007239818572998,
            "0_rename": 0.0525660514831543
        }
    }
}