{
    "total_runtime": 52.78084373474121,
    "num_documents": 1,
    "input_load_time": 0,
    "workflows": {
        "create_base_text_units": {
            "overall": 0.424083948135376,
            "0_orderby": 0.01599717140197754,
            "1_zip": 0.007847785949707031,
            "2_aggregate_override": 0.017790794372558594,
            "3_chunk": 0.2839689254760742,
            "4_select": 0.010281085968017578,
            "5_unroll": 0.0203249454498291,
            "6_rename": 0.0067327022552490234,
            "7_genid": 0.007243156433105469,
            "8_unzip": 0.010026931762695312,
            "9_copy": 0.007967948913574219,
            "10_filter": 0.03202462196350098
        },
        "create_base_extracted_entities": {
            "overall": 14.528309106826782,
            "0_entity_extract": 14.50012993812561,
            "1_merge_graphs": 0.01987481117248535
        },
        "create_summarized_entities": {
            "overall": 3.9779512882232666,
            "0_summarize_descriptions": 3.968284845352173
        },
        "create_base_entity_graph": {
            "overall": 0.05678415298461914,
            "0_cluster_graph": 0.032382965087890625,
            "1_select": 0.012567996978759766
        },
        "create_final_entities": {
            "overall": 0.7381291389465332,
            "0_unpack_graph": 0.01530599594116211,
            "1_rename": 0.012959957122802734,
            "2_select": 0.01437687873840332,
            "3_dedupe": 0.01769709587097168,
            "4_rename": 0.014716148376464844,
            "5_filter": 0.035180091857910156,
            "6_text_split": 0.017088890075683594,
            "7_drop": 0.016253948211669922,
            "8_merge": 0.022073030471801758,
            "9_text_embed": 0.500964879989624,
            "10_drop": 0.017396926879882812,
            "11_filter": 0.04084897041320801
        },
        "create_final_nodes": {
            "overall": 0.34307098388671875,
            "0_layout_graph": 0.02659893035888672,
            "1_unpack_graph": 0.021793127059936523,
            "2_unpack_graph": 0.021629810333251953,
            "3_filter": 0.04497885704040527,
            "4_drop": 0.02135491371154785,
            "5_select": 0.02119898796081543,
            "6_rename": 0.023055315017700195,
            "7_join": 0.03918290138244629,
            "8_convert": 0.08095502853393555,
            "9_rename": 0.022979021072387695
        },
        "create_final_communities": {
            "overall": 0.5182328224182129,
            "0_unpack_graph": 0.02550196647644043,
            "1_unpack_graph": 0.026202917098999023,
            "2_aggregate_override": 0.03513288497924805,
            "3_join": 0.03704404830932617,
            "4_join": 0.03347611427307129,
            "5_concat": 0.02606797218322754,
            "6_filter": 0.06026172637939453,
            "7_aggregate_override": 0.03172922134399414,
            "8_join": 0.036237239837646484,
            "9_filter": 0.06287384033203125,
            "10_fill": 0.027986764907836914,
            "11_merge": 0.03236985206604004,
            "12_copy": 0.02908611297607422,
            "13_select": 0.029516935348510742
        },
        "join_text_units_to_entity_ids": {
            "overall": 0.1280980110168457,
            "0_select": 0.030412912368774414,
            "1_unroll": 0.033303022384643555,
            "2_aggregate_override": 0.03356599807739258
        },
        "create_final_relationships": {
            "overall": 0.4243800640106201,
            "0_unpack_graph": 0.03428816795349121,
            "1_filter": 0.07088708877563477,
            "2_rename": 0.03308606147766113,
            "3_filter": 0.07182717323303223,
            "4_drop": 0.03417611122131348,
            "5_compute_edge_combined_degree": 0.03990507125854492,
            "6_convert": 0.0716242790222168,
            "7_convert": 0.03605198860168457
        },
        "join_text_units_to_relationship_ids": {
            "overall": 0.22760605812072754,
            "0_select": 0.03676128387451172,
            "1_unroll": 0.038648128509521484,
            "2_aggregate_override": 0.04014730453491211,
            "3_select": 0.0748748779296875
        },
        "create_final_community_reports": {
            "overall": 27.209891080856323,
            "0_prepare_community_reports_nodes": 0.039954185485839844,
            "1_prepare_community_reports_edges": 0.040283203125,
            "2_restore_community_hierarchy": 0.04514932632446289,
            "3_prepare_community_reports": 0.07367515563964844,
            "4_create_community_reports": 26.930869817733765,
            "5_window": 0.041417837142944336
        },
        "create_final_text_units": {
            "overall": 0.3265540599822998,
            "0_select": 0.04211997985839844,
            "1_rename": 0.04272770881652832,
            "2_join": 0.054534196853637695,
            "3_join": 0.05100607872009277,
            "4_aggregate_override": 0.048665761947631836,
            "5_select": 0.045041799545288086
        },
        "create_base_documents": {
            "overall": 0.5412180423736572,
            "0_unroll": 0.04677295684814453,
            "1_select": 0.04628491401672363,
            "2_rename": 0.04649186134338379,
            "3_join": 0.05269885063171387,
            "4_aggregate_override": 0.049234867095947266,
            "5_join": 0.05645108222961426,
            "6_rename": 0.04802298545837402,
            "7_convert": 0.14790606498718262
        },
        "create_final_documents": {
            "overall": 0.10034012794494629,
            "0_rename": 0.049929141998291016
        }
    }
}