{
    "total_runtime": 65.58558201789856,
    "num_documents": 2,
    "input_load_time": 0,
    "workflows": {
        "create_base_text_units": {
            "overall": 0.33129119873046875,
            "0_orderby": 0.015215873718261719,
            "1_zip": 0.0077991485595703125,
            "2_aggregate_override": 0.01835179328918457,
            "3_chunk": 0.2124338150024414,
            "4_select": 0.008255958557128906,
            "5_unroll": 0.01752495765686035,
            "6_rename": 0.005771160125732422,
            "7_genid": 0.006029844284057617,
            "8_unzip": 0.007423877716064453,
            "9_copy": 0.005567073822021484,
            "10_filter": 0.023005962371826172
        },
        "create_base_extracted_entities": {
            "overall": 34.00800895690918,
            "0_entity_extract": 33.98657727241516,
            "1_merge_graphs": 0.014059782028198242
        },
        "create_summarized_entities": {
            "overall": 4.95014500617981,
            "0_summarize_descriptions": 4.93942403793335
        },
        "create_base_entity_graph": {
            "overall": 0.0539858341217041,
            "0_cluster_graph": 0.03131914138793945,
            "1_select": 0.010930061340332031
        },
        "create_final_entities": {
            "overall": 0.802232027053833,
            "0_unpack_graph": 0.015099287033081055,
            "1_rename": 0.011718988418579102,
            "2_select": 0.011696100234985352,
            "3_dedupe": 0.013278961181640625,
            "4_rename": 0.025645017623901367,
            "5_filter": 0.026903152465820312,
            "6_text_split": 0.013030290603637695,
            "7_drop": 0.012708187103271484,
            "8_merge": 0.020090103149414062,
            "9_text_embed": 0.5949227809906006,
            "10_drop": 0.01343679428100586,
            "11_filter": 0.030734777450561523
        },
        "create_final_nodes": {
            "overall": 0.2611689567565918,
            "0_layout_graph": 0.024316787719726562,
            "1_unpack_graph": 0.01646113395690918,
            "2_unpack_graph": 0.01655292510986328,
            "3_drop": 0.015584230422973633,
            "4_filter": 0.033128976821899414,
            "5_select": 0.013698816299438477,
            "6_rename": 0.014223098754882812,
            "7_join": 0.026618003845214844,
            "8_convert": 0.06965279579162598,
            "9_rename": 0.014514923095703125
        },
        "create_final_communities": {
            "overall": 0.449631929397583,
            "0_unpack_graph": 0.023370981216430664,
            "1_unpack_graph": 0.019574880599975586,
            "2_aggregate_override": 0.026394128799438477,
            "3_join": 0.02672123908996582,
            "4_join": 0.024394989013671875,
            "5_concat": 0.01755499839782715,
            "6_filter": 0.07029867172241211,
            "7_aggregate_override": 0.033226966857910156,
            "8_join": 0.027331113815307617,
            "9_filter": 0.04634284973144531,
            "10_fill": 0.020579814910888672,
            "11_merge": 0.0210878849029541,
            "12_copy": 0.02039313316345215,
            "13_select": 0.020762205123901367
        },
        "join_text_units_to_entity_ids": {
            "overall": 0.1127169132232666,
            "0_select": 0.026121139526367188,
            "1_unroll": 0.02463984489440918,
            "2_aggregate_override": 0.03244209289550781
        },
        "create_final_relationships": {
            "overall": 0.3065149784088135,
            "0_unpack_graph": 0.028088092803955078,
            "1_filter": 0.052352190017700195,
            "2_rename": 0.025285720825195312,
            "3_filter": 0.049855947494506836,
            "4_drop": 0.0227358341217041,
            "5_compute_edge_combined_degree": 0.02742600440979004,
            "6_convert": 0.04702472686767578,
            "7_convert": 0.02350592613220215
        },
        "join_text_units_to_relationship_ids": {
            "overall": 0.1475358009338379,
            "0_select": 0.028519868850708008,
            "1_unroll": 0.02889108657836914,
            "2_aggregate_override": 0.02748703956604004,
            "3_select": 0.02713298797607422
        },
        "create_final_community_reports": {
            "overall": 20.5373318195343,
            "0_prepare_community_reports_nodes": 0.026871919631958008,
            "1_prepare_community_reports_edges": 0.025851011276245117,
            "2_restore_community_hierarchy": 0.026720762252807617,
            "3_prepare_community_reports": 0.04779314994812012,
            "4_create_community_reports": 20.349080085754395,
            "5_window": 0.03281402587890625
        },
        "create_final_text_units": {
            "overall": 0.21493816375732422,
            "0_select": 0.029043197631835938,
            "1_rename": 0.027551889419555664,
            "2_join": 0.03514218330383301,
            "3_join": 0.03359103202819824,
            "4_aggregate_override": 0.030375957489013672,
            "5_select": 0.02833700180053711
        },
        "create_base_documents": {
            "overall": 0.3694281578063965,
            "0_unroll": 0.03488492965698242,
            "1_select": 0.03155803680419922,
            "2_rename": 0.02696394920349121,
            "3_join": 0.03305697441101074,
            "4_aggregate_override": 0.028556108474731445,
            "5_join": 0.038063764572143555,
            "6_rename": 0.03335404396057129,
            "7_convert": 0.09823179244995117
        },
        "create_final_documents": {
            "overall": 0.06621432304382324,
            "0_rename": 0.03065204620361328
        }
    }
}