{
    "total_runtime": 46.029812812805176,
    "num_documents": 2,
    "input_load_time": 0,
    "workflows": {
        "create_base_text_units": {
            "overall": 0.27477216720581055,
            "0_orderby": 0.00455021858215332,
            "1_zip": 0.005373239517211914,
            "2_aggregate_override": 0.008206844329833984,
            "3_chunk": 0.20506024360656738,
            "4_select": 0.004269123077392578,
            "5_unroll": 0.005722999572753906,
            "6_rename": 0.004644155502319336,
            "7_genid": 0.0050737857818603516,
            "8_unzip": 0.004973888397216797,
            "9_copy": 0.0044097900390625,
            "10_filter": 0.018491744995117188
        },
        "create_base_extracted_entities": {
            "overall": 22.828555822372437,
            "0_entity_extract": 22.80430507659912,
            "1_merge_graphs": 0.015882253646850586
        },
        "create_summarized_entities": {
            "overall": 2.966510057449341,
            "0_summarize_descriptions": 2.9560129642486572
        },
        "create_base_entity_graph": {
            "overall": 0.049798011779785156,
            "0_cluster_graph": 0.027315855026245117,
            "1_select": 0.010773181915283203
        },
        "create_final_entities": {
            "overall": 0.7079169750213623,
            "0_unpack_graph": 0.015397071838378906,
            "1_rename": 0.01149892807006836,
            "2_select": 0.01112818717956543,
            "3_dedupe": 0.010920047760009766,
            "4_rename": 0.010926961898803711,
            "5_filter": 0.02641010284423828,
            "6_text_split": 0.012318849563598633,
            "7_drop": 0.01009988784790039,
            "8_merge": 0.017987966537475586,
            "9_text_embed": 0.5275239944458008,
            "10_drop": 0.012438774108886719,
            "11_filter": 0.027977943420410156
        },
        "create_final_nodes": {
            "overall": 0.22585177421569824,
            "0_layout_graph": 0.027264118194580078,
            "1_unpack_graph": 0.017296791076660156,
            "2_unpack_graph": 0.016232013702392578,
            "3_filter": 0.029301881790161133,
            "4_drop": 0.012703895568847656,
            "5_select": 0.012578248977661133,
            "6_rename": 0.012675046920776367,
            "7_convert": 0.04376983642578125,
            "8_join": 0.02098822593688965,
            "9_rename": 0.013586044311523438
        },
        "create_final_communities": {
            "overall": 0.3439311981201172,
            "0_unpack_graph": 0.022589921951293945,
            "1_unpack_graph": 0.019176959991455078,
            "2_aggregate_override": 0.019770145416259766,
            "3_join": 0.029060840606689453,
            "4_join": 0.02869582176208496,
            "5_concat": 0.015658140182495117,
            "6_filter": 0.03530287742614746,
            "7_aggregate_override": 0.018403053283691406,
            "8_join": 0.022787094116210938,
            "9_filter": 0.03751564025878906,
            "10_fill": 0.01702713966369629,
            "11_merge": 0.018867969512939453,
            "12_copy": 0.017115116119384766,
            "13_select": 0.017505645751953125
        },
        "join_text_units_to_entity_ids": {
            "overall": 0.09743285179138184,
            "0_select": 0.02358698844909668,
            "1_unroll": 0.023014068603515625,
            "2_aggregate_override": 0.021617889404296875
        },
        "create_final_relationships": {
            "overall": 0.2781500816345215,
            "0_unpack_graph": 0.026250839233398438,
            "1_filter": 0.04682517051696777,
            "2_rename": 0.02083420753479004,
            "3_filter": 0.0441279411315918,
            "4_drop": 0.02140498161315918,
            "5_compute_edge_combined_degree": 0.024443864822387695,
            "6_convert": 0.04293990135192871,
            "7_convert": 0.02087998390197754
        },
        "join_text_units_to_relationship_ids": {
            "overall": 0.13817310333251953,
            "0_select": 0.028237104415893555,
            "1_unroll": 0.02727675437927246,
            "2_aggregate_override": 0.024415969848632812,
            "3_select": 0.022928237915039062
        },
        "create_final_community_reports": {
            "overall": 14.73363709449768,
            "0_prepare_community_reports_nodes": 0.029237031936645508,
            "1_prepare_community_reports_edges": 0.025959014892578125,
            "2_restore_community_hierarchy": 0.02587580680847168,
            "3_prepare_community_reports": 0.04198122024536133,
            "4_create_community_reports": 14.545323133468628,
            "5_window": 0.030375957489013672
        },
        "create_final_text_units": {
            "overall": 0.21968293190002441,
            "0_select": 0.031211137771606445,
            "1_rename": 0.029551982879638672,
            "2_join": 0.03202033042907715,
            "3_join": 0.03173995018005371,
            "4_aggregate_override": 0.02817821502685547,
            "5_select": 0.027046918869018555
        },
        "create_base_documents": {
            "overall": 0.3560781478881836,
            "0_unroll": 0.03348588943481445,
            "1_select": 0.031179189682006836,
            "2_rename": 0.030365943908691406,
            "3_join": 0.03496384620666504,
            "4_aggregate_override": 0.03356313705444336,
            "5_join": 0.03374910354614258,
            "6_rename": 0.029775142669677734,
            "7_convert": 0.09081101417541504
        },
        "create_final_documents": {
            "overall": 0.0800778865814209,
            "0_rename": 0.037458181381225586
        }
    }
}