{
    "total_runtime": 82.64221906661987,
    "num_documents": 2,
    "input_load_time": 0,
    "workflows": {
        "create_base_text_units": {
            "overall": 0.34880614280700684,
            "0_orderby": 0.03370404243469238,
            "1_zip": 0.006701946258544922,
            "2_aggregate_override": 0.018958091735839844,
            "3_chunk": 0.21503114700317383,
            "4_select": 0.008710145950317383,
            "5_unroll": 0.013821840286254883,
            "6_rename": 0.005745887756347656,
            "7_genid": 0.006011009216308594,
            "8_unzip": 0.007274150848388672,
            "9_copy": 0.005487203598022461,
            "10_filter": 0.02357196807861328
        },
        "create_base_extracted_entities": {
            "overall": 42.24254012107849,
            "0_entity_extract": 42.219748973846436,
            "1_merge_graphs": 0.01746678352355957
        },
        "create_summarized_entities": {
            "overall": 5.56658673286438,
            "0_summarize_descriptions": 5.5559868812561035
        },
        "create_base_entity_graph": {
            "overall": 0.052722930908203125,
            "0_cluster_graph": 0.03000187873840332,
            "1_select": 0.01079106330871582
        },
        "create_final_entities": {
            "overall": 0.6131229400634766,
            "0_unpack_graph": 0.014506101608276367,
            "1_rename": 0.011363029479980469,
            "2_select": 0.010529041290283203,
            "3_dedupe": 0.012508153915405273,
            "4_rename": 0.01103520393371582,
            "5_filter": 0.02581191062927246,
            "6_text_split": 0.012688159942626953,
            "7_drop": 0.012014150619506836,
            "8_merge": 0.021667003631591797,
            "9_text_embed": 0.4242827892303467,
            "10_drop": 0.01370096206665039,
            "11_filter": 0.03075098991394043
        },
        "create_final_nodes": {
            "overall": 0.26776814460754395,
            "0_layout_graph": 0.039906978607177734,
            "1_unpack_graph": 0.019903898239135742,
            "2_unpack_graph": 0.01712489128112793,
            "3_drop": 0.015065908432006836,
            "4_filter": 0.0311431884765625,
            "5_select": 0.013591766357421875,
            "6_rename": 0.013089179992675781,
            "7_convert": 0.05537009239196777,
            "8_join": 0.02778172492980957,
            "9_rename": 0.015526056289672852
        },
        "create_final_communities": {
            "overall": 0.3775320053100586,
            "0_unpack_graph": 0.023343801498413086,
            "1_unpack_graph": 0.02053689956665039,
            "2_aggregate_override": 0.025252819061279297,
            "3_join": 0.039530038833618164,
            "4_join": 0.03077411651611328,
            "5_concat": 0.01823878288269043,
            "6_filter": 0.03896808624267578,
            "7_aggregate_override": 0.019778013229370117,
            "8_join": 0.021236896514892578,
            "9_filter": 0.0387568473815918,
            "10_fill": 0.019302845001220703,
            "11_merge": 0.02057480812072754,
            "12_copy": 0.01814723014831543,
            "13_select": 0.018954753875732422
        },
        "join_text_units_to_entity_ids": {
            "overall": 0.11487293243408203,
            "0_select": 0.023733139038085938,
            "1_unroll": 0.023684263229370117,
            "2_aggregate_override": 0.03655195236206055
        },
        "create_final_relationships": {
            "overall": 0.3131749629974365,
            "0_unpack_graph": 0.026751041412353516,
            "1_filter": 0.04581403732299805,
            "2_rename": 0.01966404914855957,
            "3_filter": 0.04318499565124512,
            "4_drop": 0.029912948608398438,
            "5_compute_edge_combined_degree": 0.02849411964416504,
            "6_convert": 0.046170949935913086,
            "7_convert": 0.04242706298828125
        },
        "join_text_units_to_relationship_ids": {
            "overall": 0.13694000244140625,
            "0_select": 0.028235197067260742,
            "1_unroll": 0.02703094482421875,
            "2_aggregate_override": 0.02355504035949707,
            "3_select": 0.02275705337524414
        },
        "create_final_community_reports": {
            "overall": 28.85202980041504,
            "0_prepare_community_reports_nodes": 0.029877901077270508,
            "1_prepare_community_reports_edges": 0.028210163116455078,
            "2_restore_community_hierarchy": 0.02624678611755371,
            "3_prepare_community_reports": 0.05306124687194824,
            "4_create_community_reports": 28.64630913734436,
            "5_window": 0.032557010650634766
        },
        "create_final_text_units": {
            "overall": 0.24028992652893066,
            "0_select": 0.031831979751586914,
            "1_rename": 0.03174281120300293,
            "2_join": 0.035446882247924805,
            "3_join": 0.039200782775878906,
            "4_aggregate_override": 0.03432798385620117,
            "5_select": 0.029575109481811523
        },
        "create_base_documents": {
            "overall": 0.46730613708496094,
            "0_unroll": 0.043142080307006836,
            "1_select": 0.06348013877868652,
            "2_rename": 0.032483816146850586,
            "3_join": 0.03667187690734863,
            "4_aggregate_override": 0.034523963928222656,
            "5_join": 0.03818821907043457,
            "6_rename": 0.03409290313720703,
            "7_convert": 0.14155220985412598
        },
        "create_final_documents": {
            "overall": 0.14011073112487793,
            "0_rename": 0.0651552677154541
        }
    }
}