{
    "total_runtime": 66.1138961315155,
    "num_documents": 1,
    "input_load_time": 0,
    "workflows": {
        "create_base_text_units": {
            "overall": 0.32807302474975586,
            "0_orderby": 0.01501011848449707,
            "1_zip": 0.008042097091674805,
            "2_aggregate_override": 0.01835012435913086,
            "3_chunk": 0.2128891944885254,
            "4_select": 0.008261680603027344,
            "5_unroll": 0.013913869857788086,
            "6_rename": 0.0054438114166259766,
            "7_genid": 0.00558018684387207,
            "8_unzip": 0.007727861404418945,
            "9_copy": 0.005931854248046875,
            "10_filter": 0.02315974235534668
        },
        "create_base_extracted_entities": {
            "overall": 35.04515075683594,
            "0_entity_extract": 35.02169394493103,
            "1_merge_graphs": 0.01799607276916504
        },
        "create_summarized_entities": {
            "overall": 3.683703899383545,
            "0_summarize_descriptions": 3.6729400157928467
        },
        "create_base_entity_graph": {
            "overall": 0.07206392288208008,
            "0_cluster_graph": 0.049360036849975586,
            "1_select": 0.011252880096435547
        },
        "create_final_entities": {
            "overall": 0.7088971138000488,
            "0_unpack_graph": 0.015675067901611328,
            "1_rename": 0.01207876205444336,
            "2_select": 0.014590024948120117,
            "3_dedupe": 0.012721061706542969,
            "4_rename": 0.010596752166748047,
            "5_filter": 0.02620697021484375,
            "6_text_split": 0.012403011322021484,
            "7_drop": 0.011732816696166992,
            "8_merge": 0.01813817024230957,
            "9_text_embed": 0.5260279178619385,
            "10_drop": 0.012111186981201172,
            "11_filter": 0.023602008819580078
        },
        "create_final_nodes": {
            "overall": 0.25289011001586914,
            "0_layout_graph": 0.02698802947998047,
            "1_unpack_graph": 0.01678299903869629,
            "2_unpack_graph": 0.016618967056274414,
            "3_drop": 0.014830827713012695,
            "4_filter": 0.031191110610961914,
            "5_select": 0.012269258499145508,
            "6_rename": 0.012809991836547852,
            "7_convert": 0.055151939392089844,
            "8_join": 0.030742168426513672,
            "9_rename": 0.01691293716430664
        },
        "create_final_communities": {
            "overall": 0.3629028797149658,
            "0_unpack_graph": 0.022952795028686523,
            "1_unpack_graph": 0.019922971725463867,
            "2_aggregate_override": 0.02754688262939453,
            "3_join": 0.037919044494628906,
            "4_join": 0.02697300910949707,
            "5_concat": 0.015365123748779297,
            "6_filter": 0.03844881057739258,
            "7_aggregate_override": 0.01823902130126953,
            "8_join": 0.022520065307617188,
            "9_filter": 0.03848910331726074,
            "10_fill": 0.016616106033325195,
            "11_merge": 0.01764392852783203,
            "12_copy": 0.018281936645507812,
            "13_select": 0.017138004302978516
        },
        "join_text_units_to_entity_ids": {
            "overall": 0.10382890701293945,
            "0_select": 0.02631998062133789,
            "1_unroll": 0.024183034896850586,
            "2_aggregate_override": 0.023103952407836914
        },
        "create_final_relationships": {
            "overall": 0.27890610694885254,
            "0_unpack_graph": 0.02665877342224121,
            "1_filter": 0.046922922134399414,
            "2_rename": 0.02063608169555664,
            "3_filter": 0.04427909851074219,
            "4_drop": 0.02021479606628418,
            "5_compute_edge_combined_degree": 0.025217056274414062,
            "6_convert": 0.04348111152648926,
            "7_convert": 0.0208890438079834
        },
        "join_text_units_to_relationship_ids": {
            "overall": 0.13865017890930176,
            "0_select": 0.028102874755859375,
            "1_unroll": 0.02749013900756836,
            "2_aggregate_override": 0.024814844131469727,
            "3_select": 0.022960186004638672
        },
        "create_final_community_reports": {
            "overall": 21.70584201812744,
            "0_prepare_community_reports_nodes": 0.029229164123535156,
            "1_prepare_community_reports_edges": 0.026422739028930664,
            "2_restore_community_hierarchy": 0.025691986083984375,
            "3_prepare_community_reports": 0.048211097717285156,
            "4_create_community_reports": 21.511127948760986,
            "5_window": 0.02942180633544922
        },
        "create_final_text_units": {
            "overall": 0.21901607513427734,
            "0_select": 0.030409812927246094,
            "1_rename": 0.026494979858398438,
            "2_join": 0.03252387046813965,
            "3_join": 0.031668901443481445,
            "4_aggregate_override": 0.0296170711517334,
            "5_select": 0.030066967010498047
        },
        "create_base_documents": {
            "overall": 0.30553293228149414,
            "0_unroll": 0.029999256134033203,
            "1_select": 0.02872300148010254,
            "2_rename": 0.02779388427734375,
            "3_join": 0.03245687484741211,
            "4_aggregate_override": 0.02818894386291504,
            "5_join": 0.035479068756103516,
            "6_rename": 0.02890300750732422,
            "7_convert": 0.061758995056152344
        },
        "create_final_documents": {
            "overall": 0.08260488510131836,
            "0_rename": 0.03592705726623535
        }
    }
}