{
    "total_runtime": 64.54371666908264,
    "num_documents": 2,
    "input_load_time": 0,
    "workflows": {
        "create_base_text_units": {
            "overall": 0.2899210453033447,
            "0_orderby": 0.004786968231201172,
            "1_zip": 0.0056231021881103516,
            "2_aggregate_override": 0.008471012115478516,
            "3_chunk": 0.21388697624206543,
            "4_select": 0.0048902034759521484,
            "5_unroll": 0.006184101104736328,
            "6_rename": 0.0051152706146240234,
            "7_genid": 0.005358219146728516,
            "8_unzip": 0.005935192108154297,
            "9_copy": 0.006058931350708008,
            "10_filter": 0.01954793930053711
        },
        "create_base_extracted_entities": {
            "overall": 32.612956285476685,
            "0_entity_extract": 32.58791780471802,
            "1_merge_graphs": 0.016474246978759766
        },
        "create_summarized_entities": {
            "overall": 5.985354900360107,
            "0_summarize_descriptions": 5.976401090621948
        },
        "create_base_entity_graph": {
            "overall": 0.05267906188964844,
            "0_cluster_graph": 0.0298159122467041,
            "1_select": 0.010767698287963867
        },
        "create_final_entities": {
            "overall": 0.6728990077972412,
            "0_unpack_graph": 0.015431880950927734,
            "1_rename": 0.012167930603027344,
            "2_select": 0.011384248733520508,
            "3_dedupe": 0.010953903198242188,
            "4_rename": 0.01090693473815918,
            "5_filter": 0.026651859283447266,
            "6_text_split": 0.012697696685791016,
            "7_drop": 0.011992216110229492,
            "8_merge": 0.024801969528198242,
            "9_text_embed": 0.4774949550628662,
            "10_drop": 0.014250993728637695,
            "11_filter": 0.031455039978027344
        },
        "create_final_nodes": {
            "overall": 0.25434398651123047,
            "0_layout_graph": 0.027164936065673828,
            "1_unpack_graph": 0.018123865127563477,
            "2_unpack_graph": 0.017590999603271484,
            "3_drop": 0.015157938003540039,
            "4_filter": 0.0349581241607666,
            "5_select": 0.016798973083496094,
            "6_rename": 0.016746044158935547,
            "7_join": 0.022908926010131836,
            "8_convert": 0.05356788635253906,
            "9_rename": 0.015334129333496094
        },
        "create_final_communities": {
            "overall": 0.3647911548614502,
            "0_unpack_graph": 0.02227187156677246,
            "1_unpack_graph": 0.021234989166259766,
            "2_aggregate_override": 0.020910024642944336,
            "3_join": 0.024326324462890625,
            "4_join": 0.02344489097595215,
            "5_concat": 0.01722431182861328,
            "6_filter": 0.03859996795654297,
            "7_aggregate_override": 0.019588232040405273,
            "8_join": 0.024585962295532227,
            "9_filter": 0.04708719253540039,
            "10_fill": 0.021119117736816406,
            "11_merge": 0.022010087966918945,
            "12_copy": 0.01950383186340332,
            "13_select": 0.019845962524414062
        },
        "join_text_units_to_entity_ids": {
            "overall": 0.10344600677490234,
            "0_select": 0.02435588836669922,
            "1_unroll": 0.025712251663208008,
            "2_aggregate_override": 0.027590036392211914
        },
        "create_final_relationships": {
            "overall": 0.31985998153686523,
            "0_unpack_graph": 0.027197837829589844,
            "1_filter": 0.054284095764160156,
            "2_rename": 0.024707794189453125,
            "3_filter": 0.05017280578613281,
            "4_drop": 0.02513408660888672,
            "5_compute_edge_combined_degree": 0.030698060989379883,
            "6_convert": 0.0539851188659668,
            "7_convert": 0.024292945861816406
        },
        "join_text_units_to_relationship_ids": {
            "overall": 0.14974379539489746,
            "0_select": 0.03275895118713379,
            "1_unroll": 0.02828526496887207,
            "2_aggregate_override": 0.028566598892211914,
            "3_select": 0.028550148010253906
        },
        "create_final_community_reports": {
            "overall": 20.024943113327026,
            "0_prepare_community_reports_nodes": 0.02889871597290039,
            "1_prepare_community_reports_edges": 0.027537822723388672,
            "2_restore_community_hierarchy": 0.04795074462890625,
            "3_prepare_community_reports": 0.06511282920837402,
            "4_create_community_reports": 19.789818048477173,
            "5_window": 0.030606985092163086
        },
        "create_final_text_units": {
            "overall": 0.2278740406036377,
            "0_select": 0.03204822540283203,
            "1_rename": 0.031627655029296875,
            "2_join": 0.03457212448120117,
            "3_join": 0.0334477424621582,
            "4_aggregate_override": 0.02991628646850586,
            "5_select": 0.02796006202697754
        },
        "create_base_documents": {
            "overall": 0.4428391456604004,
            "0_unroll": 0.03564119338989258,
            "1_select": 0.05846691131591797,
            "2_rename": 0.02915811538696289,
            "3_join": 0.031442880630493164,
            "4_aggregate_override": 0.03143906593322754,
            "5_join": 0.03343820571899414,
            "6_rename": 0.029307126998901367,
            "7_convert": 0.1490628719329834
        },
        "create_final_documents": {
            "overall": 0.08484697341918945,
            "0_rename": 0.03704118728637695
        }
    }
}